;name;year;s;sdate;e;edate;dur
0;м.Стерлегова;1998.0;1998-07-22 00:00:00;203.0;1998-10-14 00:00:00;287.0;84.0
1;м.Стерлегова;1999.0;1999-07-14 00:00:00;195.0;1999-10-06 00:00:00;279.0;84.0
2;м.Стерлегова;2000.0;2000-07-05 00:00:00;187.0;2000-10-11 00:00:00;285.0;98.0
3;м.Стерлегова;2001.0;-99;-99.0;-99;-99.0;-99.0
4;м.Стерлегова;2002.0;2002-07-03 00:00:00;184.0;2002-10-09 00:00:00;282.0;98.0
5;м.Стерлегова;2003.0;2003-05-28 00:00:00;148.0;2003-11-26 00:00:00;330.0;182.0
6;м.Стерлегова;2004.0;2004-07-21 00:00:00;203.0;2004-12-22 00:00:00;357.0;154.0
7;м.Стерлегова;2005.0;2005-02-16 00:00:00;47.0;2005-12-14 00:00:00;348.0;301.0
8;м.Стерлегова;2006.0;2006-05-31 00:00:00;151.0;2006-10-18 00:00:00;291.0;140.0
9;м.Стерлегова;2007.0;2007-04-18 00:00:00;108.0;2007-11-07 00:00:00;311.0;203.0
10;м.Стерлегова;2008.0;2008-07-02 00:00:00;184.0;2008-10-06 00:00:00;280.0;96.0
11;м.Стерлегова;2009.0;2009-06-10 00:00:00;161.0;2009-10-20 00:00:00;293.0;132.0
12;м.Стерлегова;2010.0;2010-06-15 00:00:00;166.0;2010-11-02 00:00:00;306.0;140.0
13;м.Стерлегова;2011.0;2011-05-24 00:00:00;144.0;2011-10-25 00:00:00;298.0;154.0
14;м.Стерлегова;2012.0;2012-07-17 00:00:00;199.0;2012-10-16 00:00:00;290.0;91.0
15;м.Стерлегова;2013.0;2013-06-04 00:00:00;155.0;2013-10-08 00:00:00;281.0;126.0
16;м.Стерлегова;2014.0;2014-06-24 00:00:00;175.0;2014-07-08 00:00:00;189.0;14.0
17;м.Стерлегова;2015.0;-99;-99.0;-99;-99.0;-99.0
18;м.Стерлегова;2016.0;-99;-99.0;-99;-99.0;-99.0
19;м.Стерлегова;2017.0;-99;-99.0;-99;-99.0;-99.0
20;м.Стерлегова;2018.0;2018-07-13 00:00:00;194.0;2018-08-17 00:00:00;229.0;35.0
21;м.Стерлегова;2019.0;-99;-99.0;-99;-99.0;-99.0
22;м.Стерлегова;2020.0;2020-08-11 00:00:00;224.0;2020-10-13 00:00:00;287.0;63.0
23;м.Стерлегова;2021.0;2021-08-31 00:00:00;243.0;2021-08-31 00:00:00;243.0;0.0
24;о.Известий;1998.0;1998-07-22 00:00:00;203.0;1998-10-14 00:00:00;287.0;84.0
25;о.Известий;1999.0;1999-07-14 00:00:00;195.0;1999-10-06 00:00:00;279.0;84.0
26;о.Известий;2000.0;2000-07-05 00:00:00;187.0;2000-10-11 00:00:00;285.0;98.0
27;о.Известий;2001.0;-99;-99.0;-99;-99.0;-99.0
28;о.Известий;2002.0;2002-07-03 00:00:00;184.0;2002-10-09 00:00:00;282.0;98.0
29;о.Известий;2003.0;2003-07-09 00:00:00;190.0;2003-11-26 00:00:00;330.0;140.0
30;о.Известий;2004.0;2004-07-21 00:00:00;203.0;2004-12-22 00:00:00;357.0;154.0
31;о.Известий;2005.0;2005-02-16 00:00:00;47.0;2005-12-14 00:00:00;348.0;301.0
32;о.Известий;2006.0;2006-05-31 00:00:00;151.0;2006-10-18 00:00:00;291.0;140.0
33;о.Известий;2007.0;2007-06-27 00:00:00;178.0;2007-11-07 00:00:00;311.0;133.0
34;о.Известий;2008.0;2008-07-02 00:00:00;184.0;2008-10-06 00:00:00;280.0;96.0
35;о.Известий;2009.0;2009-06-10 00:00:00;161.0;2009-10-20 00:00:00;293.0;132.0
36;о.Известий;2010.0;2010-06-15 00:00:00;166.0;2010-11-02 00:00:00;306.0;140.0
37;о.Известий;2011.0;2011-05-24 00:00:00;144.0;2011-10-25 00:00:00;298.0;154.0
38;о.Известий;2012.0;2012-07-17 00:00:00;199.0;2012-10-16 00:00:00;290.0;91.0
39;о.Известий;2013.0;2013-06-04 00:00:00;155.0;2013-10-08 00:00:00;281.0;126.0
40;о.Известий;2014.0;2014-06-24 00:00:00;175.0;2014-07-08 00:00:00;189.0;14.0
41;о.Известий;2015.0;-99;-99.0;-99;-99.0;-99.0
42;о.Известий;2016.0;-99;-99.0;-99;-99.0;-99.0
43;о.Известий;2017.0;-99;-99.0;-99;-99.0;-99.0
44;о.Известий;2018.0;2018-07-13 00:00:00;194.0;2018-08-17 00:00:00;229.0;35.0
45;о.Известий;2019.0;-99;-99.0;-99;-99.0;-99.0
46;о.Известий;2020.0;2020-08-11 00:00:00;224.0;2020-10-13 00:00:00;287.0;63.0
47;о.Известий;2021.0;2021-08-03 00:00:00;215.0;2021-09-21 00:00:00;264.0;49.0
48;о.Визе;1998.0;1998-07-22 00:00:00;203.0;1998-10-14 00:00:00;287.0;84.0
49;о.Визе;1999.0;1999-07-14 00:00:00;195.0;1999-10-06 00:00:00;279.0;84.0
50;о.Визе;2000.0;2000-07-05 00:00:00;187.0;2000-10-11 00:00:00;285.0;98.0
51;о.Визе;2001.0;-99;-99.0;-99;-99.0;-99.0
52;о.Визе;2002.0;2002-07-03 00:00:00;184.0;2002-10-09 00:00:00;282.0;98.0
53;о.Визе;2003.0;2003-06-24 00:00:00;175.0;2003-10-30 00:00:00;303.0;128.0
54;о.Визе;2004.0;2004-07-14 00:00:00;196.0;2004-10-06 00:00:00;280.0;84.0
55;о.Визе;2005.0;2005-07-06 00:00:00;187.0;2005-10-19 00:00:00;292.0;105.0
56;о.Визе;2006.0;2006-05-31 00:00:00;151.0;2006-10-18 00:00:00;291.0;140.0
57;о.Визе;2007.0;2007-07-04 00:00:00;185.0;2007-10-31 00:00:00;304.0;119.0
58;о.Визе;2008.0;2008-07-02 00:00:00;184.0;2008-10-06 00:00:00;280.0;96.0
59;о.Визе;2009.0;2009-06-10 00:00:00;161.0;2009-10-20 00:00:00;293.0;132.0
60;о.Визе;2010.0;2010-06-15 00:00:00;166.0;2010-11-02 00:00:00;306.0;140.0
61;о.Визе;2011.0;2011-05-24 00:00:00;144.0;2011-10-25 00:00:00;298.0;154.0
62;о.Визе;2012.0;2012-06-05 00:00:00;157.0;2012-10-16 00:00:00;290.0;133.0
63;о.Визе;2013.0;2013-06-04 00:00:00;155.0;2013-10-08 00:00:00;281.0;126.0
64;о.Визе;2014.0;2014-06-24 00:00:00;175.0;2014-07-08 00:00:00;189.0;14.0
65;о.Визе;2015.0;-99;-99.0;-99;-99.0;-99.0
66;о.Визе;2016.0;-99;-99.0;-99;-99.0;-99.0
67;о.Визе;2017.0;-99;-99.0;-99;-99.0;-99.0
68;о.Визе;2018.0;2018-07-13 00:00:00;194.0;2018-08-17 00:00:00;229.0;35.0
69;о.Визе;2019.0;-99;-99.0;-99;-99.0;-99.0
70;о.Визе;2020.0;2020-06-16 00:00:00;168.0;2020-12-01 00:00:00;336.0;168.0
71;о.Визе;2021.0;2021-07-06 00:00:00;187.0;2021-09-21 00:00:00;264.0;77.0
72;о.Голомянный;1998.0;1998-05-08 00:00:00;128.0;1998-09-02 00:00:00;245.0;117.0
73;о.Голомянный;1999.0;-99;-99.0;-99;-99.0;-99.0
74;о.Голомянный;2000.0;2000-06-14 00:00:00;166.0;2000-06-14 00:00:00;166.0;0.0
75;о.Голомянный;2001.0;-99;-99.0;-99;-99.0;-99.0
76;о.Голомянный;2002.0;2002-06-05 00:00:00;156.0;2002-10-16 00:00:00;289.0;133.0
77;о.Голомянный;2003.0;2003-06-17 00:00:00;168.0;2003-12-17 00:00:00;351.0;183.0
78;о.Голомянный;2004.0;2004-07-28 00:00:00;210.0;2004-09-01 00:00:00;245.0;35.0
79;о.Голомянный;2005.0;2005-08-10 00:00:00;222.0;2005-11-23 00:00:00;327.0;105.0
80;о.Голомянный;2006.0;-99;-99.0;-99;-99.0;-99.0
81;о.Голомянный;2007.0;2007-05-09 00:00:00;129.0;2007-09-12 00:00:00;255.0;126.0
82;о.Голомянный;2008.0;2008-06-25 00:00:00;177.0;2008-09-24 00:00:00;268.0;91.0
83;о.Голомянный;2009.0;2009-07-15 00:00:00;196.0;2009-10-13 00:00:00;286.0;90.0
84;о.Голомянный;2010.0;2010-06-08 00:00:00;159.0;2010-11-16 00:00:00;320.0;161.0
85;о.Голомянный;2011.0;2011-12-27 00:00:00;361.0;2011-12-27 00:00:00;361.0;0.0
86;о.Голомянный;2012.0;2012-12-31 00:00:00;366.0;2012-12-31 00:00:00;366.0;0.0
87;о.Голомянный;2013.0;-99;-99.0;-99;-99.0;-99.0
88;о.Голомянный;2014.0;-99;-99.0;-99;-99.0;-99.0
89;о.Голомянный;2015.0;2015-06-23 00:00:00;174.0;2015-09-22 00:00:00;265.0;91.0
90;о.Голомянный;2016.0;2016-09-20 00:00:00;264.0;2016-09-20 00:00:00;264.0;0.0
91;о.Голомянный;2017.0;-99;-99.0;-99;-99.0;-99.0
92;о.Голомянный;2018.0;2018-09-04 00:00:00;247.0;2018-10-09 00:00:00;282.0;35.0
93;о.Голомянный;2019.0;2019-06-04 00:00:00;155.0;2019-09-17 00:00:00;260.0;105.0
94;о.Голомянный;2020.0;2020-05-26 00:00:00;147.0;2020-10-06 00:00:00;280.0;133.0
95;о.Голомянный;2021.0;-99;-99.0;-99;-99.0;-99.0
96;м.Челюскин;1998.0;1998-05-08 00:00:00;128.0;1998-09-02 00:00:00;245.0;117.0
97;м.Челюскин;1999.0;-99;-99.0;-99;-99.0;-99.0
98;м.Челюскин;2000.0;2000-06-14 00:00:00;166.0;2000-06-14 00:00:00;166.0;0.0
99;м.Челюскин;2001.0;-99;-99.0;-99;-99.0;-99.0
100;м.Челюскин;2002.0;2002-06-05 00:00:00;156.0;2002-10-16 00:00:00;289.0;133.0
101;м.Челюскин;2003.0;2003-06-17 00:00:00;168.0;2003-12-17 00:00:00;351.0;183.0
102;м.Челюскин;2004.0;2004-07-28 00:00:00;210.0;2004-09-01 00:00:00;245.0;35.0
103;м.Челюскин;2005.0;2005-08-10 00:00:00;222.0;2005-11-23 00:00:00;327.0;105.0
104;м.Челюскин;2006.0;-99;-99.0;-99;-99.0;-99.0
105;м.Челюскин;2007.0;2007-05-09 00:00:00;129.0;2007-09-12 00:00:00;255.0;126.0
106;м.Челюскин;2008.0;2008-06-25 00:00:00;177.0;2008-09-24 00:00:00;268.0;91.0
107;м.Челюскин;2009.0;2009-07-15 00:00:00;196.0;2009-10-13 00:00:00;286.0;90.0
108;м.Челюскин;2010.0;2010-06-08 00:00:00;159.0;2010-11-16 00:00:00;320.0;161.0
109;м.Челюскин;2011.0;2011-12-27 00:00:00;361.0;2011-12-27 00:00:00;361.0;0.0
110;м.Челюскин;2012.0;2012-12-31 00:00:00;366.0;2012-12-31 00:00:00;366.0;0.0
111;м.Челюскин;2013.0;-99;-99.0;-99;-99.0;-99.0
112;м.Челюскин;2014.0;-99;-99.0;-99;-99.0;-99.0
113;м.Челюскин;2015.0;2015-06-23 00:00:00;174.0;2015-09-22 00:00:00;265.0;91.0
114;м.Челюскин;2016.0;2016-09-20 00:00:00;264.0;2016-09-20 00:00:00;264.0;0.0
115;м.Челюскин;2017.0;-99;-99.0;-99;-99.0;-99.0
116;м.Челюскин;2018.0;2018-09-04 00:00:00;247.0;2018-10-09 00:00:00;282.0;35.0
117;м.Челюскин;2019.0;2019-06-04 00:00:00;155.0;2019-09-17 00:00:00;260.0;105.0
118;м.Челюскин;2020.0;2020-05-26 00:00:00;147.0;2020-10-06 00:00:00;280.0;133.0
119;м.Челюскин;2021.0;-99;-99.0;-99;-99.0;-99.0
120;Болван Нос;1998.0;1998-10-14 00:00:00;287.0;1998-10-14 00:00:00;287.0;0.0
121;Болван Нос;1999.0;1999-08-04 00:00:00;216.0;1999-10-27 00:00:00;300.0;84.0
122;Болван Нос;2000.0;2000-06-28 00:00:00;180.0;2000-11-29 00:00:00;334.0;154.0
123;Болван Нос;2001.0;-99;-99.0;-99;-99.0;-99.0
124;Болван Нос;2002.0;2002-07-16 00:00:00;197.0;2002-11-05 00:00:00;309.0;112.0
125;Болван Нос;2003.0;2003-05-28 00:00:00;148.0;2003-12-10 00:00:00;344.0;196.0
126;Болван Нос;2004.0;2004-07-14 00:00:00;196.0;2004-12-22 00:00:00;357.0;161.0
127;Болван Нос;2005.0;2005-02-16 00:00:00;47.0;2005-12-07 00:00:00;341.0;294.0
128;Болван Нос;2006.0;2006-05-10 00:00:00;130.0;2006-11-29 00:00:00;333.0;203.0
129;Болван Нос;2007.0;2007-04-18 00:00:00;108.0;2007-12-19 00:00:00;353.0;245.0
130;Болван Нос;2008.0;2008-01-23 00:00:00;23.0;2008-12-30 00:00:00;365.0;342.0
131;Болван Нос;2009.0;2009-01-14 00:00:00;14.0;2009-12-08 00:00:00;342.0;328.0
132;Болван Нос;2010.0;2010-06-29 00:00:00;180.0;2010-11-16 00:00:00;320.0;140.0
133;Болван Нос;2011.0;2011-05-24 00:00:00;144.0;2011-11-01 00:00:00;305.0;161.0
134;Болван Нос;2012.0;2012-01-10 00:00:00;10.0;2012-12-18 00:00:00;353.0;343.0
135;Болван Нос;2013.0;2013-07-30 00:00:00;211.0;2013-07-30 00:00:00;211.0;0.0
136;Болван Нос;2014.0;-99;-99.0;-99;-99.0;-99.0
137;Болван Нос;2015.0;-99;-99.0;-99;-99.0;-99.0
138;Болван Нос;2016.0;-99;-99.0;-99;-99.0;-99.0
139;Болван Нос;2017.0;-99;-99.0;-99;-99.0;-99.0
140;Болван Нос;2018.0;2018-07-20 00:00:00;201.0;2018-08-17 00:00:00;229.0;28.0
141;Болван Нос;2019.0;2019-10-29 00:00:00;302.0;2019-12-31 00:00:00;365.0;63.0
142;Болван Нос;2020.0;2020-05-19 00:00:00;140.0;2020-10-27 00:00:00;301.0;161.0
143;Болван Нос;2021.0;2021-05-25 00:00:00;145.0;2021-09-21 00:00:00;264.0;119.0
144;Амдерма;1998.0;1998-10-14 00:00:00;287.0;1998-10-14 00:00:00;287.0;0.0
145;Амдерма;1999.0;1999-08-04 00:00:00;216.0;1999-10-27 00:00:00;300.0;84.0
146;Амдерма;2000.0;2000-06-28 00:00:00;180.0;2000-11-29 00:00:00;334.0;154.0
147;Амдерма;2001.0;-99;-99.0;-99;-99.0;-99.0
148;Амдерма;2002.0;2002-07-16 00:00:00;197.0;2002-11-05 00:00:00;309.0;112.0
149;Амдерма;2003.0;2003-05-28 00:00:00;148.0;2003-12-10 00:00:00;344.0;196.0
150;Амдерма;2004.0;2004-07-14 00:00:00;196.0;2004-12-22 00:00:00;357.0;161.0
151;Амдерма;2005.0;2005-02-16 00:00:00;47.0;2005-12-07 00:00:00;341.0;294.0
152;Амдерма;2006.0;2006-05-10 00:00:00;130.0;2006-11-29 00:00:00;333.0;203.0
153;Амдерма;2007.0;2007-04-18 00:00:00;108.0;2007-12-19 00:00:00;353.0;245.0
154;Амдерма;2008.0;2008-01-23 00:00:00;23.0;2008-12-30 00:00:00;365.0;342.0
155;Амдерма;2009.0;2009-01-14 00:00:00;14.0;2009-12-08 00:00:00;342.0;328.0
156;Амдерма;2010.0;2010-06-29 00:00:00;180.0;2010-11-16 00:00:00;320.0;140.0
157;Амдерма;2011.0;2011-05-24 00:00:00;144.0;2011-11-01 00:00:00;305.0;161.0
158;Амдерма;2012.0;2012-01-10 00:00:00;10.0;2012-12-18 00:00:00;353.0;343.0
159;Амдерма;2013.0;2013-07-30 00:00:00;211.0;2013-07-30 00:00:00;211.0;0.0
160;Амдерма;2014.0;-99;-99.0;-99;-99.0;-99.0
161;Амдерма;2015.0;-99;-99.0;-99;-99.0;-99.0
162;Амдерма;2016.0;-99;-99.0;-99;-99.0;-99.0
163;Амдерма;2017.0;-99;-99.0;-99;-99.0;-99.0
164;Амдерма;2018.0;2018-07-20 00:00:00;201.0;2018-08-17 00:00:00;229.0;28.0
165;Амдерма;2019.0;2019-10-29 00:00:00;302.0;2019-12-31 00:00:00;365.0;63.0
166;Амдерма;2020.0;2020-05-26 00:00:00;147.0;2020-10-27 00:00:00;301.0;154.0
167;Амдерма;2021.0;2021-05-25 00:00:00;145.0;2021-09-21 00:00:00;264.0;119.0
168;Усть-Кара;1998.0;1998-10-14 00:00:00;287.0;1998-10-14 00:00:00;287.0;0.0
169;Усть-Кара;1999.0;1999-08-04 00:00:00;216.0;1999-10-27 00:00:00;300.0;84.0
170;Усть-Кара;2000.0;2000-06-28 00:00:00;180.0;2000-11-29 00:00:00;334.0;154.0
171;Усть-Кара;2001.0;-99;-99.0;-99;-99.0;-99.0
172;Усть-Кара;2002.0;2002-07-16 00:00:00;197.0;2002-11-05 00:00:00;309.0;112.0
173;Усть-Кара;2003.0;2003-05-28 00:00:00;148.0;2003-12-10 00:00:00;344.0;196.0
174;Усть-Кара;2004.0;2004-07-14 00:00:00;196.0;2004-12-22 00:00:00;357.0;161.0
175;Усть-Кара;2005.0;2005-02-16 00:00:00;47.0;2005-12-07 00:00:00;341.0;294.0
176;Усть-Кара;2006.0;2006-05-10 00:00:00;130.0;2006-11-29 00:00:00;333.0;203.0
177;Усть-Кара;2007.0;2007-04-18 00:00:00;108.0;2007-12-19 00:00:00;353.0;245.0
178;Усть-Кара;2008.0;2008-01-23 00:00:00;23.0;2008-12-30 00:00:00;365.0;342.0
179;Усть-Кара;2009.0;2009-01-14 00:00:00;14.0;2009-12-08 00:00:00;342.0;328.0
180;Усть-Кара;2010.0;2010-06-29 00:00:00;180.0;2010-11-16 00:00:00;320.0;140.0
181;Усть-Кара;2011.0;2011-05-24 00:00:00;144.0;2011-11-01 00:00:00;305.0;161.0
182;Усть-Кара;2012.0;2012-01-10 00:00:00;10.0;2012-11-27 00:00:00;332.0;322.0
183;Усть-Кара;2013.0;2013-07-30 00:00:00;211.0;2013-07-30 00:00:00;211.0;0.0
184;Усть-Кара;2014.0;-99;-99.0;-99;-99.0;-99.0
185;Усть-Кара;2015.0;-99;-99.0;-99;-99.0;-99.0
186;Усть-Кара;2016.0;-99;-99.0;-99;-99.0;-99.0
187;Усть-Кара;2017.0;-99;-99.0;-99;-99.0;-99.0
188;Усть-Кара;2018.0;2018-07-20 00:00:00;201.0;2018-08-17 00:00:00;229.0;28.0
189;Усть-Кара;2019.0;2019-10-29 00:00:00;302.0;2019-12-31 00:00:00;365.0;63.0
190;Усть-Кара;2020.0;2020-05-19 00:00:00;140.0;2020-10-27 00:00:00;301.0;161.0
191;Усть-Кара;2021.0;2021-05-25 00:00:00;145.0;2021-09-21 00:00:00;264.0;119.0
192;МарреСале;1998.0;1998-10-14 00:00:00;287.0;1998-10-14 00:00:00;287.0;0.0
193;МарреСале;1999.0;1999-08-04 00:00:00;216.0;1999-10-27 00:00:00;300.0;84.0
194;МарреСале;2000.0;2000-06-28 00:00:00;180.0;2000-11-29 00:00:00;334.0;154.0
195;МарреСале;2001.0;-99;-99.0;-99;-99.0;-99.0
196;МарреСале;2002.0;2002-07-16 00:00:00;197.0;2002-11-05 00:00:00;309.0;112.0
197;МарреСале;2003.0;2003-05-28 00:00:00;148.0;2003-12-10 00:00:00;344.0;196.0
198;МарреСале;2004.0;2004-07-14 00:00:00;196.0;2004-12-22 00:00:00;357.0;161.0
199;МарреСале;2005.0;2005-02-16 00:00:00;47.0;2005-12-07 00:00:00;341.0;294.0
200;МарреСале;2006.0;2006-05-10 00:00:00;130.0;2006-11-29 00:00:00;333.0;203.0
201;МарреСале;2007.0;2007-04-18 00:00:00;108.0;2007-12-19 00:00:00;353.0;245.0
202;МарреСале;2008.0;2008-01-23 00:00:00;23.0;2008-12-30 00:00:00;365.0;342.0
203;МарреСале;2009.0;2009-01-14 00:00:00;14.0;2009-12-08 00:00:00;342.0;328.0
204;МарреСале;2010.0;2010-06-29 00:00:00;180.0;2010-11-16 00:00:00;320.0;140.0
205;МарреСале;2011.0;2011-05-24 00:00:00;144.0;2011-11-01 00:00:00;305.0;161.0
206;МарреСале;2012.0;2012-01-10 00:00:00;10.0;2012-12-18 00:00:00;353.0;343.0
207;МарреСале;2013.0;2013-07-30 00:00:00;211.0;2013-07-30 00:00:00;211.0;0.0
208;МарреСале;2014.0;-99;-99.0;-99;-99.0;-99.0
209;МарреСале;2015.0;-99;-99.0;-99;-99.0;-99.0
210;МарреСале;2016.0;-99;-99.0;-99;-99.0;-99.0
211;МарреСале;2017.0;-99;-99.0;-99;-99.0;-99.0
212;МарреСале;2018.0;2018-07-20 00:00:00;201.0;2018-08-17 00:00:00;229.0;28.0
213;МарреСале;2019.0;2019-10-29 00:00:00;302.0;2019-12-31 00:00:00;365.0;63.0
214;МарреСале;2020.0;2020-05-19 00:00:00;140.0;2020-10-27 00:00:00;301.0;161.0
215;МарреСале;2021.0;2021-05-25 00:00:00;145.0;2021-09-21 00:00:00;264.0;119.0
216;о.Белый;1998.0;1998-07-22 00:00:00;203.0;1998-10-14 00:00:00;287.0;84.0
217;о.Белый;1999.0;1999-07-14 00:00:00;195.0;1999-10-06 00:00:00;279.0;84.0
218;о.Белый;2000.0;2000-07-05 00:00:00;187.0;2000-10-11 00:00:00;285.0;98.0
219;о.Белый;2001.0;-99;-99.0;-99;-99.0;-99.0
220;о.Белый;2002.0;2002-07-03 00:00:00;184.0;2002-10-09 00:00:00;282.0;98.0
221;о.Белый;2003.0;2003-05-28 00:00:00;148.0;2003-12-10 00:00:00;344.0;196.0
222;о.Белый;2004.0;2004-07-21 00:00:00;203.0;2004-12-22 00:00:00;357.0;154.0
223;о.Белый;2005.0;2005-02-16 00:00:00;47.0;2005-12-07 00:00:00;341.0;294.0
224;о.Белый;2006.0;2006-05-10 00:00:00;130.0;2006-11-29 00:00:00;333.0;203.0
225;о.Белый;2007.0;2007-04-18 00:00:00;108.0;2007-11-07 00:00:00;311.0;203.0
226;о.Белый;2008.0;2008-01-23 00:00:00;23.0;2008-10-06 00:00:00;280.0;257.0
227;о.Белый;2009.0;2009-06-10 00:00:00;161.0;2009-10-20 00:00:00;293.0;132.0
228;о.Белый;2010.0;2010-06-15 00:00:00;166.0;2010-11-02 00:00:00;306.0;140.0
229;о.Белый;2011.0;2011-05-24 00:00:00;144.0;2011-12-27 00:00:00;361.0;217.0
230;о.Белый;2012.0;2012-01-03 00:00:00;3.0;2012-10-16 00:00:00;290.0;287.0
231;о.Белый;2013.0;2013-06-04 00:00:00;155.0;2013-10-08 00:00:00;281.0;126.0
232;о.Белый;2014.0;2014-06-24 00:00:00;175.0;2014-06-24 00:00:00;175.0;0.0
233;о.Белый;2015.0;-99;-99.0;-99;-99.0;-99.0
234;о.Белый;2016.0;-99;-99.0;-99;-99.0;-99.0
235;о.Белый;2017.0;-99;-99.0;-99;-99.0;-99.0
236;о.Белый;2018.0;2018-07-13 00:00:00;194.0;2018-08-17 00:00:00;229.0;35.0
237;о.Белый;2019.0;-99;-99.0;-99;-99.0;-99.0
238;о.Белый;2020.0;2020-05-12 00:00:00;133.0;2020-10-13 00:00:00;287.0;154.0
239;о.Белый;2021.0;2021-07-06 00:00:00;187.0;2021-09-21 00:00:00;264.0;77.0
240;о.Вилькицкого;1998.0;1998-07-22 00:00:00;203.0;1998-10-14 00:00:00;287.0;84.0
241;о.Вилькицкого;1999.0;1999-07-14 00:00:00;195.0;1999-10-06 00:00:00;279.0;84.0
242;о.Вилькицкого;2000.0;2000-07-05 00:00:00;187.0;2000-10-11 00:00:00;285.0;98.0
243;о.Вилькицкого;2001.0;-99;-99.0;-99;-99.0;-99.0
244;о.Вилькицкого;2002.0;2002-07-03 00:00:00;184.0;2002-10-09 00:00:00;282.0;98.0
245;о.Вилькицкого;2003.0;2003-05-28 00:00:00;148.0;2003-12-10 00:00:00;344.0;196.0
246;о.Вилькицкого;2004.0;2004-07-21 00:00:00;203.0;2004-12-22 00:00:00;357.0;154.0
247;о.Вилькицкого;2005.0;2005-02-16 00:00:00;47.0;2005-12-07 00:00:00;341.0;294.0
248;о.Вилькицкого;2006.0;2006-05-10 00:00:00;130.0;2006-11-29 00:00:00;333.0;203.0
249;о.Вилькицкого;2007.0;2007-04-18 00:00:00;108.0;2007-11-07 00:00:00;311.0;203.0
250;о.Вилькицкого;2008.0;2008-01-23 00:00:00;23.0;2008-10-06 00:00:00;280.0;257.0
251;о.Вилькицкого;2009.0;2009-06-10 00:00:00;161.0;2009-10-20 00:00:00;293.0;132.0
252;о.Вилькицкого;2010.0;2010-06-15 00:00:00;166.0;2010-11-02 00:00:00;306.0;140.0
253;о.Вилькицкого;2011.0;2011-05-24 00:00:00;144.0;2011-12-27 00:00:00;361.0;217.0
254;о.Вилькицкого;2012.0;2012-01-03 00:00:00;3.0;2012-10-16 00:00:00;290.0;287.0
255;о.Вилькицкого;2013.0;2013-06-04 00:00:00;155.0;2013-10-08 00:00:00;281.0;126.0
256;о.Вилькицкого;2014.0;2014-06-24 00:00:00;175.0;2014-07-08 00:00:00;189.0;14.0
257;о.Вилькицкого;2015.0;-99;-99.0;-99;-99.0;-99.0
258;о.Вилькицкого;2016.0;-99;-99.0;-99;-99.0;-99.0
259;о.Вилькицкого;2017.0;-99;-99.0;-99;-99.0;-99.0
260;о.Вилькицкого;2018.0;2018-07-13 00:00:00;194.0;2018-08-17 00:00:00;229.0;35.0
261;о.Вилькицкого;2019.0;-99;-99.0;-99;-99.0;-99.0
262;о.Вилькицкого;2020.0;2020-06-30 00:00:00;182.0;2020-12-15 00:00:00;350.0;168.0
263;о.Вилькицкого;2021.0;2021-07-06 00:00:00;187.0;2021-09-21 00:00:00;264.0;77.0
264;о.Диксон;1998.0;1998-07-22 00:00:00;203.0;1998-10-14 00:00:00;287.0;84.0
265;о.Диксон;1999.0;1999-07-14 00:00:00;195.0;1999-10-06 00:00:00;279.0;84.0
266;о.Диксон;2000.0;2000-07-05 00:00:00;187.0;2000-10-11 00:00:00;285.0;98.0
267;о.Диксон;2001.0;-99;-99.0;-99;-99.0;-99.0
268;о.Диксон;2002.0;2002-07-03 00:00:00;184.0;2002-10-09 00:00:00;282.0;98.0
269;о.Диксон;2003.0;2003-05-28 00:00:00;148.0;2003-12-10 00:00:00;344.0;196.0
270;о.Диксон;2004.0;2004-07-21 00:00:00;203.0;2004-12-22 00:00:00;357.0;154.0
271;о.Диксон;2005.0;2005-02-16 00:00:00;47.0;2005-11-23 00:00:00;327.0;280.0
272;о.Диксон;2006.0;2006-05-10 00:00:00;130.0;2006-11-29 00:00:00;333.0;203.0
273;о.Диксон;2007.0;2007-04-18 00:00:00;108.0;2007-11-07 00:00:00;311.0;203.0
274;о.Диксон;2008.0;2008-01-23 00:00:00;23.0;2008-10-06 00:00:00;280.0;257.0
275;о.Диксон;2009.0;2009-06-10 00:00:00;161.0;2009-10-20 00:00:00;293.0;132.0
276;о.Диксон;2010.0;2010-06-15 00:00:00;166.0;2010-11-02 00:00:00;306.0;140.0
277;о.Диксон;2011.0;2011-05-24 00:00:00;144.0;2011-12-27 00:00:00;361.0;217.0
278;о.Диксон;2012.0;2012-01-03 00:00:00;3.0;2012-10-16 00:00:00;290.0;287.0
279;о.Диксон;2013.0;2013-06-04 00:00:00;155.0;2013-10-08 00:00:00;281.0;126.0
280;о.Диксон;2014.0;2014-06-24 00:00:00;175.0;2014-07-08 00:00:00;189.0;14.0
281;о.Диксон;2015.0;-99;-99.0;-99;-99.0;-99.0
282;о.Диксон;2016.0;-99;-99.0;-99;-99.0;-99.0
283;о.Диксон;2017.0;-99;-99.0;-99;-99.0;-99.0
284;о.Диксон;2018.0;2018-07-13 00:00:00;194.0;2018-08-17 00:00:00;229.0;35.0
285;о.Диксон;2019.0;-99;-99.0;-99;-99.0;-99.0
286;о.Диксон;2020.0;2020-07-07 00:00:00;189.0;2020-12-01 00:00:00;336.0;147.0
287;о.Диксон;2021.0;2021-07-13 00:00:00;194.0;2021-09-21 00:00:00;264.0;70.0
288;Тикси;1998.0;1998-05-08 00:00:00;128.0;1998-09-02 00:00:00;245.0;117.0
289;Тикси;1999.0;-99;-99.0;-99;-99.0;-99.0
290;Тикси;2000.0;2000-06-14 00:00:00;166.0;2000-06-14 00:00:00;166.0;0.0
291;Тикси;2001.0;-99;-99.0;-99;-99.0;-99.0
292;Тикси;2002.0;2002-06-05 00:00:00;156.0;2002-10-16 00:00:00;289.0;133.0
293;Тикси;2003.0;2003-06-17 00:00:00;168.0;2003-12-17 00:00:00;351.0;183.0
294;Тикси;2004.0;2004-07-28 00:00:00;210.0;2004-09-01 00:00:00;245.0;35.0
295;Тикси;2005.0;2005-08-10 00:00:00;222.0;2005-11-23 00:00:00;327.0;105.0
296;Тикси;2006.0;-99;-99.0;-99;-99.0;-99.0
297;Тикси;2007.0;2007-05-09 00:00:00;129.0;2007-09-12 00:00:00;255.0;126.0
298;Тикси;2008.0;2008-06-25 00:00:00;177.0;2008-09-24 00:00:00;268.0;91.0
299;Тикси;2009.0;2009-07-15 00:00:00;196.0;2009-10-13 00:00:00;286.0;90.0
300;Тикси;2010.0;2010-06-08 00:00:00;159.0;2010-11-16 00:00:00;320.0;161.0
301;Тикси;2011.0;2011-12-27 00:00:00;361.0;2011-12-27 00:00:00;361.0;0.0
302;Тикси;2012.0;2012-12-31 00:00:00;366.0;2012-12-31 00:00:00;366.0;0.0
303;Тикси;2013.0;-99;-99.0;-99;-99.0;-99.0
304;Тикси;2014.0;-99;-99.0;-99;-99.0;-99.0
305;Тикси;2015.0;2015-06-23 00:00:00;174.0;2015-09-22 00:00:00;265.0;91.0
306;Тикси;2016.0;2016-09-20 00:00:00;264.0;2016-09-20 00:00:00;264.0;0.0
307;Тикси;2017.0;-99;-99.0;-99;-99.0;-99.0
308;Тикси;2018.0;2018-09-04 00:00:00;247.0;2018-10-09 00:00:00;282.0;35.0
309;Тикси;2019.0;2019-06-04 00:00:00;155.0;2019-09-17 00:00:00;260.0;105.0
310;Тикси;2020.0;2020-05-26 00:00:00;147.0;2020-10-06 00:00:00;280.0;133.0
311;Тикси;2021.0;-99;-99.0;-99;-99.0;-99.0
312;Котельный;1998.0;1998-05-08 00:00:00;128.0;1998-09-02 00:00:00;245.0;117.0
313;Котельный;1999.0;-99;-99.0;-99;-99.0;-99.0
314;Котельный;2000.0;2000-06-14 00:00:00;166.0;2000-06-14 00:00:00;166.0;0.0
315;Котельный;2001.0;-99;-99.0;-99;-99.0;-99.0
316;Котельный;2002.0;2002-06-05 00:00:00;156.0;2002-10-16 00:00:00;289.0;133.0
317;Котельный;2003.0;2003-06-17 00:00:00;168.0;2003-12-17 00:00:00;351.0;183.0
318;Котельный;2004.0;2004-07-28 00:00:00;210.0;2004-09-01 00:00:00;245.0;35.0
319;Котельный;2005.0;2005-08-10 00:00:00;222.0;2005-11-23 00:00:00;327.0;105.0
320;Котельный;2006.0;-99;-99.0;-99;-99.0;-99.0
321;Котельный;2007.0;2007-05-09 00:00:00;129.0;2007-09-12 00:00:00;255.0;126.0
322;Котельный;2008.0;2008-06-25 00:00:00;177.0;2008-09-24 00:00:00;268.0;91.0
323;Котельный;2009.0;2009-07-15 00:00:00;196.0;2009-10-13 00:00:00;286.0;90.0
324;Котельный;2010.0;2010-06-08 00:00:00;159.0;2010-11-16 00:00:00;320.0;161.0
325;Котельный;2011.0;2011-12-27 00:00:00;361.0;2011-12-27 00:00:00;361.0;0.0
326;Котельный;2012.0;2012-12-31 00:00:00;366.0;2012-12-31 00:00:00;366.0;0.0
327;Котельный;2013.0;-99;-99.0;-99;-99.0;-99.0
328;Котельный;2014.0;-99;-99.0;-99;-99.0;-99.0
329;Котельный;2015.0;2015-06-23 00:00:00;174.0;2015-09-22 00:00:00;265.0;91.0
330;Котельный;2016.0;2016-09-20 00:00:00;264.0;2016-09-20 00:00:00;264.0;0.0
331;Котельный;2017.0;-99;-99.0;-99;-99.0;-99.0
332;Котельный;2018.0;2018-09-04 00:00:00;247.0;2018-10-09 00:00:00;282.0;35.0
333;Котельный;2019.0;2019-06-04 00:00:00;155.0;2019-09-17 00:00:00;260.0;105.0
334;Котельный;2020.0;2020-05-26 00:00:00;147.0;2020-10-06 00:00:00;280.0;133.0
335;Котельный;2021.0;-99;-99.0;-99;-99.0;-99.0
336;Санникова;1998.0;1998-05-08 00:00:00;128.0;1998-09-02 00:00:00;245.0;117.0
337;Санникова;1999.0;-99;-99.0;-99;-99.0;-99.0
338;Санникова;2000.0;2000-06-14 00:00:00;166.0;2000-06-14 00:00:00;166.0;0.0
339;Санникова;2001.0;-99;-99.0;-99;-99.0;-99.0
340;Санникова;2002.0;2002-06-05 00:00:00;156.0;2002-10-16 00:00:00;289.0;133.0
341;Санникова;2003.0;2003-06-17 00:00:00;168.0;2003-12-17 00:00:00;351.0;183.0
342;Санникова;2004.0;2004-07-28 00:00:00;210.0;2004-09-01 00:00:00;245.0;35.0
343;Санникова;2005.0;2005-08-10 00:00:00;222.0;2005-11-23 00:00:00;327.0;105.0
344;Санникова;2006.0;-99;-99.0;-99;-99.0;-99.0
345;Санникова;2007.0;2007-05-09 00:00:00;129.0;2007-09-12 00:00:00;255.0;126.0
346;Санникова;2008.0;2008-06-25 00:00:00;177.0;2008-09-24 00:00:00;268.0;91.0
347;Санникова;2009.0;2009-07-15 00:00:00;196.0;2009-10-13 00:00:00;286.0;90.0
348;Санникова;2010.0;2010-06-08 00:00:00;159.0;2010-11-16 00:00:00;320.0;161.0
349;Санникова;2011.0;2011-12-27 00:00:00;361.0;2011-12-27 00:00:00;361.0;0.0
350;Санникова;2012.0;2012-12-31 00:00:00;366.0;2012-12-31 00:00:00;366.0;0.0
351;Санникова;2013.0;-99;-99.0;-99;-99.0;-99.0
352;Санникова;2014.0;-99;-99.0;-99;-99.0;-99.0
353;Санникова;2015.0;2015-06-23 00:00:00;174.0;2015-09-22 00:00:00;265.0;91.0
354;Санникова;2016.0;2016-09-20 00:00:00;264.0;2016-09-20 00:00:00;264.0;0.0
355;Санникова;2017.0;-99;-99.0;-99;-99.0;-99.0
356;Санникова;2018.0;2018-09-04 00:00:00;247.0;2018-10-09 00:00:00;282.0;35.0
357;Санникова;2019.0;2019-06-04 00:00:00;155.0;2019-09-17 00:00:00;260.0;105.0
358;Санникова;2020.0;2020-05-26 00:00:00;147.0;2020-10-06 00:00:00;280.0;133.0
359;Санникова;2021.0;-99;-99.0;-99;-99.0;-99.0
360;Кигилях;1998.0;1998-05-08 00:00:00;128.0;1998-09-02 00:00:00;245.0;117.0
361;Кигилях;1999.0;-99;-99.0;-99;-99.0;-99.0
362;Кигилях;2000.0;2000-06-14 00:00:00;166.0;2000-06-14 00:00:00;166.0;0.0
363;Кигилях;2001.0;-99;-99.0;-99;-99.0;-99.0
364;Кигилях;2002.0;2002-06-05 00:00:00;156.0;2002-10-16 00:00:00;289.0;133.0
365;Кигилях;2003.0;2003-06-17 00:00:00;168.0;2003-12-17 00:00:00;351.0;183.0
366;Кигилях;2004.0;2004-07-28 00:00:00;210.0;2004-09-01 00:00:00;245.0;35.0
367;Кигилях;2005.0;2005-08-10 00:00:00;222.0;2005-11-23 00:00:00;327.0;105.0
368;Кигилях;2006.0;-99;-99.0;-99;-99.0;-99.0
369;Кигилях;2007.0;2007-05-09 00:00:00;129.0;2007-09-12 00:00:00;255.0;126.0
370;Кигилях;2008.0;2008-06-25 00:00:00;177.0;2008-09-24 00:00:00;268.0;91.0
371;Кигилях;2009.0;2009-07-15 00:00:00;196.0;2009-10-13 00:00:00;286.0;90.0
372;Кигилях;2010.0;2010-06-08 00:00:00;159.0;2010-11-16 00:00:00;320.0;161.0
373;Кигилях;2011.0;2011-12-27 00:00:00;361.0;2011-12-27 00:00:00;361.0;0.0
374;Кигилях;2012.0;2012-12-31 00:00:00;366.0;2012-12-31 00:00:00;366.0;0.0
375;Кигилях;2013.0;-99;-99.0;-99;-99.0;-99.0
376;Кигилях;2014.0;-99;-99.0;-99;-99.0;-99.0
377;Кигилях;2015.0;2015-06-23 00:00:00;174.0;2015-09-22 00:00:00;265.0;91.0
378;Кигилях;2016.0;2016-09-20 00:00:00;264.0;2016-09-20 00:00:00;264.0;0.0
379;Кигилях;2017.0;-99;-99.0;-99;-99.0;-99.0
380;Кигилях;2018.0;2018-09-04 00:00:00;247.0;2018-10-09 00:00:00;282.0;35.0
381;Кигилях;2019.0;2019-06-04 00:00:00;155.0;2019-09-17 00:00:00;260.0;105.0
382;Кигилях;2020.0;2020-05-26 00:00:00;147.0;2020-10-06 00:00:00;280.0;133.0
383;Кигилях;2021.0;-99;-99.0;-99;-99.0;-99.0
384;Дунай;1998.0;1998-05-08 00:00:00;128.0;1998-09-02 00:00:00;245.0;117.0
385;Дунай;1999.0;-99;-99.0;-99;-99.0;-99.0
386;Дунай;2000.0;2000-06-14 00:00:00;166.0;2000-06-14 00:00:00;166.0;0.0
387;Дунай;2001.0;-99;-99.0;-99;-99.0;-99.0
388;Дунай;2002.0;2002-06-05 00:00:00;156.0;2002-10-16 00:00:00;289.0;133.0
389;Дунай;2003.0;2003-06-17 00:00:00;168.0;2003-12-17 00:00:00;351.0;183.0
390;Дунай;2004.0;2004-07-28 00:00:00;210.0;2004-09-01 00:00:00;245.0;35.0
391;Дунай;2005.0;2005-08-10 00:00:00;222.0;2005-11-23 00:00:00;327.0;105.0
392;Дунай;2006.0;-99;-99.0;-99;-99.0;-99.0
393;Дунай;2007.0;2007-05-09 00:00:00;129.0;2007-09-12 00:00:00;255.0;126.0
394;Дунай;2008.0;2008-06-25 00:00:00;177.0;2008-09-24 00:00:00;268.0;91.0
395;Дунай;2009.0;2009-07-15 00:00:00;196.0;2009-10-13 00:00:00;286.0;90.0
396;Дунай;2010.0;2010-06-08 00:00:00;159.0;2010-11-16 00:00:00;320.0;161.0
397;Дунай;2011.0;2011-12-27 00:00:00;361.0;2011-12-27 00:00:00;361.0;0.0
398;Дунай;2012.0;2012-12-31 00:00:00;366.0;2012-12-31 00:00:00;366.0;0.0
399;Дунай;2013.0;-99;-99.0;-99;-99.0;-99.0
400;Дунай;2014.0;-99;-99.0;-99;-99.0;-99.0
401;Дунай;2015.0;2015-06-23 00:00:00;174.0;2015-09-22 00:00:00;265.0;91.0
402;Дунай;2016.0;2016-09-20 00:00:00;264.0;2016-09-20 00:00:00;264.0;0.0
403;Дунай;2017.0;-99;-99.0;-99;-99.0;-99.0
404;Дунай;2018.0;2018-09-04 00:00:00;247.0;2018-10-09 00:00:00;282.0;35.0
405;Дунай;2019.0;2019-06-04 00:00:00;155.0;2019-09-17 00:00:00;260.0;105.0
406;Дунай;2020.0;2020-05-26 00:00:00;147.0;2020-10-06 00:00:00;280.0;133.0
407;Дунай;2021.0;-99;-99.0;-99;-99.0;-99.0
408;Амбарчик;1998.0;1998-05-08 00:00:00;128.0;1998-09-02 00:00:00;245.0;117.0
409;Амбарчик;1999.0;-99;-99.0;-99;-99.0;-99.0
410;Амбарчик;2000.0;2000-06-14 00:00:00;166.0;2000-06-14 00:00:00;166.0;0.0
411;Амбарчик;2001.0;-99;-99.0;-99;-99.0;-99.0
412;Амбарчик;2002.0;2002-06-05 00:00:00;156.0;2002-10-16 00:00:00;289.0;133.0
413;Амбарчик;2003.0;2003-06-17 00:00:00;168.0;2003-12-17 00:00:00;351.0;183.0
414;Амбарчик;2004.0;2004-07-28 00:00:00;210.0;2004-09-01 00:00:00;245.0;35.0
415;Амбарчик;2005.0;2005-08-10 00:00:00;222.0;2005-11-23 00:00:00;327.0;105.0
416;Амбарчик;2006.0;-99;-99.0;-99;-99.0;-99.0
417;Амбарчик;2007.0;2007-05-09 00:00:00;129.0;2007-09-12 00:00:00;255.0;126.0
418;Амбарчик;2008.0;2008-06-25 00:00:00;177.0;2008-09-24 00:00:00;268.0;91.0
419;Амбарчик;2009.0;2009-07-15 00:00:00;196.0;2009-10-13 00:00:00;286.0;90.0
420;Амбарчик;2010.0;2010-06-08 00:00:00;159.0;2010-11-16 00:00:00;320.0;161.0
421;Амбарчик;2011.0;2011-12-27 00:00:00;361.0;2011-12-27 00:00:00;361.0;0.0
422;Амбарчик;2012.0;2012-12-31 00:00:00;366.0;2012-12-31 00:00:00;366.0;0.0
423;Амбарчик;2013.0;-99;-99.0;-99;-99.0;-99.0
424;Амбарчик;2014.0;-99;-99.0;-99;-99.0;-99.0
425;Амбарчик;2015.0;2015-06-23 00:00:00;174.0;2015-09-22 00:00:00;265.0;91.0
426;Амбарчик;2016.0;2016-09-20 00:00:00;264.0;2016-09-20 00:00:00;264.0;0.0
427;Амбарчик;2017.0;-99;-99.0;-99;-99.0;-99.0
428;Амбарчик;2018.0;2018-09-04 00:00:00;247.0;2018-10-09 00:00:00;282.0;35.0
429;Амбарчик;2019.0;2019-06-04 00:00:00;155.0;2019-09-17 00:00:00;260.0;105.0
430;Амбарчик;2020.0;2020-05-26 00:00:00;147.0;2020-10-06 00:00:00;280.0;133.0
431;Амбарчик;2021.0;-99;-99.0;-99;-99.0;-99.0
432;Рау-Чуа;1998.0;1998-05-08 00:00:00;128.0;1998-09-02 00:00:00;245.0;117.0
433;Рау-Чуа;1999.0;-99;-99.0;-99;-99.0;-99.0
434;Рау-Чуа;2000.0;2000-06-14 00:00:00;166.0;2000-06-14 00:00:00;166.0;0.0
435;Рау-Чуа;2001.0;-99;-99.0;-99;-99.0;-99.0
436;Рау-Чуа;2002.0;2002-06-05 00:00:00;156.0;2002-10-16 00:00:00;289.0;133.0
437;Рау-Чуа;2003.0;2003-06-17 00:00:00;168.0;2003-12-17 00:00:00;351.0;183.0
438;Рау-Чуа;2004.0;2004-07-28 00:00:00;210.0;2004-09-01 00:00:00;245.0;35.0
439;Рау-Чуа;2005.0;2005-08-10 00:00:00;222.0;2005-11-23 00:00:00;327.0;105.0
440;Рау-Чуа;2006.0;-99;-99.0;-99;-99.0;-99.0
441;Рау-Чуа;2007.0;2007-05-09 00:00:00;129.0;2007-09-12 00:00:00;255.0;126.0
442;Рау-Чуа;2008.0;2008-06-25 00:00:00;177.0;2008-09-24 00:00:00;268.0;91.0
443;Рау-Чуа;2009.0;2009-07-15 00:00:00;196.0;2009-10-13 00:00:00;286.0;90.0
444;Рау-Чуа;2010.0;2010-06-08 00:00:00;159.0;2010-11-16 00:00:00;320.0;161.0
445;Рау-Чуа;2011.0;2011-12-27 00:00:00;361.0;2011-12-27 00:00:00;361.0;0.0
446;Рау-Чуа;2012.0;2012-12-31 00:00:00;366.0;2012-12-31 00:00:00;366.0;0.0
447;Рау-Чуа;2013.0;-99;-99.0;-99;-99.0;-99.0
448;Рау-Чуа;2014.0;-99;-99.0;-99;-99.0;-99.0
449;Рау-Чуа;2015.0;2015-06-23 00:00:00;174.0;2015-09-22 00:00:00;265.0;91.0
450;Рау-Чуа;2016.0;2016-09-20 00:00:00;264.0;2016-09-20 00:00:00;264.0;0.0
451;Рау-Чуа;2017.0;-99;-99.0;-99;-99.0;-99.0
452;Рау-Чуа;2018.0;2018-09-04 00:00:00;247.0;2018-10-09 00:00:00;282.0;35.0
453;Рау-Чуа;2019.0;2019-06-04 00:00:00;155.0;2019-09-17 00:00:00;260.0;105.0
454;Рау-Чуа;2020.0;2020-05-26 00:00:00;147.0;2020-10-06 00:00:00;280.0;133.0
455;Рау-Чуа;2021.0;-99;-99.0;-99;-99.0;-99.0
456;Айон;1998.0;1998-05-08 00:00:00;128.0;1998-09-02 00:00:00;245.0;117.0
457;Айон;1999.0;-99;-99.0;-99;-99.0;-99.0
458;Айон;2000.0;2000-06-14 00:00:00;166.0;2000-06-14 00:00:00;166.0;0.0
459;Айон;2001.0;-99;-99.0;-99;-99.0;-99.0
460;Айон;2002.0;2002-06-05 00:00:00;156.0;2002-10-16 00:00:00;289.0;133.0
461;Айон;2003.0;2003-06-17 00:00:00;168.0;2003-12-17 00:00:00;351.0;183.0
462;Айон;2004.0;2004-07-28 00:00:00;210.0;2004-09-01 00:00:00;245.0;35.0
463;Айон;2005.0;2005-08-10 00:00:00;222.0;2005-11-23 00:00:00;327.0;105.0
464;Айон;2006.0;-99;-99.0;-99;-99.0;-99.0
465;Айон;2007.0;2007-05-09 00:00:00;129.0;2007-09-12 00:00:00;255.0;126.0
466;Айон;2008.0;2008-06-25 00:00:00;177.0;2008-09-24 00:00:00;268.0;91.0
467;Айон;2009.0;2009-07-15 00:00:00;196.0;2009-10-13 00:00:00;286.0;90.0
468;Айон;2010.0;2010-06-08 00:00:00;159.0;2010-11-16 00:00:00;320.0;161.0
469;Айон;2011.0;2011-12-27 00:00:00;361.0;2011-12-27 00:00:00;361.0;0.0
470;Айон;2012.0;2012-12-31 00:00:00;366.0;2012-12-31 00:00:00;366.0;0.0
471;Айон;2013.0;-99;-99.0;-99;-99.0;-99.0
472;Айон;2014.0;-99;-99.0;-99;-99.0;-99.0
473;Айон;2015.0;2015-06-23 00:00:00;174.0;2015-09-22 00:00:00;265.0;91.0
474;Айон;2016.0;2016-09-20 00:00:00;264.0;2016-09-20 00:00:00;264.0;0.0
475;Айон;2017.0;-99;-99.0;-99;-99.0;-99.0
476;Айон;2018.0;2018-09-04 00:00:00;247.0;2018-10-09 00:00:00;282.0;35.0
477;Айон;2019.0;2019-06-04 00:00:00;155.0;2019-09-17 00:00:00;260.0;105.0
478;Айон;2020.0;2020-05-26 00:00:00;147.0;2020-10-06 00:00:00;280.0;133.0
479;Айон;2021.0;-99;-99.0;-99;-99.0;-99.0
480;Певек;1998.0;1998-05-08 00:00:00;128.0;1998-09-02 00:00:00;245.0;117.0
481;Певек;1999.0;-99;-99.0;-99;-99.0;-99.0
482;Певек;2000.0;2000-06-14 00:00:00;166.0;2000-06-14 00:00:00;166.0;0.0
483;Певек;2001.0;-99;-99.0;-99;-99.0;-99.0
484;Певек;2002.0;2002-06-05 00:00:00;156.0;2002-10-16 00:00:00;289.0;133.0
485;Певек;2003.0;2003-06-17 00:00:00;168.0;2003-12-17 00:00:00;351.0;183.0
486;Певек;2004.0;2004-07-28 00:00:00;210.0;2004-09-01 00:00:00;245.0;35.0
487;Певек;2005.0;2005-08-10 00:00:00;222.0;2005-11-23 00:00:00;327.0;105.0
488;Певек;2006.0;-99;-99.0;-99;-99.0;-99.0
489;Певек;2007.0;2007-05-09 00:00:00;129.0;2007-09-12 00:00:00;255.0;126.0
490;Певек;2008.0;2008-06-25 00:00:00;177.0;2008-09-24 00:00:00;268.0;91.0
491;Певек;2009.0;2009-07-15 00:00:00;196.0;2009-10-13 00:00:00;286.0;90.0
492;Певек;2010.0;2010-06-08 00:00:00;159.0;2010-11-16 00:00:00;320.0;161.0
493;Певек;2011.0;2011-12-27 00:00:00;361.0;2011-12-27 00:00:00;361.0;0.0
494;Певек;2012.0;2012-12-31 00:00:00;366.0;2012-12-31 00:00:00;366.0;0.0
495;Певек;2013.0;-99;-99.0;-99;-99.0;-99.0
496;Певек;2014.0;-99;-99.0;-99;-99.0;-99.0
497;Певек;2015.0;2015-06-23 00:00:00;174.0;2015-09-22 00:00:00;265.0;91.0
498;Певек;2016.0;2016-09-20 00:00:00;264.0;2016-09-20 00:00:00;264.0;0.0
499;Певек;2017.0;-99;-99.0;-99;-99.0;-99.0
500;Певек;2018.0;2018-09-04 00:00:00;247.0;2018-10-09 00:00:00;282.0;35.0
501;Певек;2019.0;2019-06-04 00:00:00;155.0;2019-09-17 00:00:00;260.0;105.0
502;Певек;2020.0;2020-05-26 00:00:00;147.0;2020-10-06 00:00:00;280.0;133.0
503;Певек;2021.0;-99;-99.0;-99;-99.0;-99.0
504;Валькаркай;1998.0;1998-05-08 00:00:00;128.0;1998-09-02 00:00:00;245.0;117.0
505;Валькаркай;1999.0;-99;-99.0;-99;-99.0;-99.0
506;Валькаркай;2000.0;2000-06-14 00:00:00;166.0;2000-06-14 00:00:00;166.0;0.0
507;Валькаркай;2001.0;-99;-99.0;-99;-99.0;-99.0
508;Валькаркай;2002.0;2002-06-05 00:00:00;156.0;2002-10-16 00:00:00;289.0;133.0
509;Валькаркай;2003.0;2003-06-17 00:00:00;168.0;2003-12-17 00:00:00;351.0;183.0
510;Валькаркай;2004.0;2004-07-28 00:00:00;210.0;2004-09-01 00:00:00;245.0;35.0
511;Валькаркай;2005.0;2005-08-10 00:00:00;222.0;2005-11-23 00:00:00;327.0;105.0
512;Валькаркай;2006.0;-99;-99.0;-99;-99.0;-99.0
513;Валькаркай;2007.0;2007-05-09 00:00:00;129.0;2007-09-12 00:00:00;255.0;126.0
514;Валькаркай;2008.0;2008-06-25 00:00:00;177.0;2008-09-24 00:00:00;268.0;91.0
515;Валькаркай;2009.0;2009-07-15 00:00:00;196.0;2009-10-13 00:00:00;286.0;90.0
516;Валькаркай;2010.0;2010-06-08 00:00:00;159.0;2010-11-16 00:00:00;320.0;161.0
517;Валькаркай;2011.0;2011-12-27 00:00:00;361.0;2011-12-27 00:00:00;361.0;0.0
518;Валькаркай;2012.0;2012-12-31 00:00:00;366.0;2012-12-31 00:00:00;366.0;0.0
519;Валькаркай;2013.0;-99;-99.0;-99;-99.0;-99.0
520;Валькаркай;2014.0;-99;-99.0;-99;-99.0;-99.0
521;Валькаркай;2015.0;2015-06-23 00:00:00;174.0;2015-09-22 00:00:00;265.0;91.0
522;Валькаркай;2016.0;2016-09-20 00:00:00;264.0;2016-09-20 00:00:00;264.0;0.0
523;Валькаркай;2017.0;-99;-99.0;-99;-99.0;-99.0
524;Валькаркай;2018.0;2018-09-04 00:00:00;247.0;2018-10-09 00:00:00;282.0;35.0
525;Валькаркай;2019.0;2019-06-04 00:00:00;155.0;2019-09-17 00:00:00;260.0;105.0
526;Валькаркай;2020.0;2020-05-26 00:00:00;147.0;2020-10-06 00:00:00;280.0;133.0
527;Валькаркай;2021.0;-99;-99.0;-99;-99.0;-99.0
528;о.Врангеля;1998.0;1998-05-08 00:00:00;128.0;1998-09-02 00:00:00;245.0;117.0
529;о.Врангеля;1999.0;-99;-99.0;-99;-99.0;-99.0
530;о.Врангеля;2000.0;2000-06-14 00:00:00;166.0;2000-06-14 00:00:00;166.0;0.0
531;о.Врангеля;2001.0;-99;-99.0;-99;-99.0;-99.0
532;о.Врангеля;2002.0;2002-06-05 00:00:00;156.0;2002-10-16 00:00:00;289.0;133.0
533;о.Врангеля;2003.0;2003-06-17 00:00:00;168.0;2003-12-17 00:00:00;351.0;183.0
534;о.Врангеля;2004.0;2004-07-28 00:00:00;210.0;2004-09-01 00:00:00;245.0;35.0
535;о.Врангеля;2005.0;2005-08-10 00:00:00;222.0;2005-11-23 00:00:00;327.0;105.0
536;о.Врангеля;2006.0;-99;-99.0;-99;-99.0;-99.0
537;о.Врангеля;2007.0;2007-05-09 00:00:00;129.0;2007-09-12 00:00:00;255.0;126.0
538;о.Врангеля;2008.0;2008-06-25 00:00:00;177.0;2008-09-24 00:00:00;268.0;91.0
539;о.Врангеля;2009.0;2009-07-15 00:00:00;196.0;2009-10-13 00:00:00;286.0;90.0
540;о.Врангеля;2010.0;2010-06-08 00:00:00;159.0;2010-11-16 00:00:00;320.0;161.0
541;о.Врангеля;2011.0;2011-12-27 00:00:00;361.0;2011-12-27 00:00:00;361.0;0.0
542;о.Врангеля;2012.0;2012-12-31 00:00:00;366.0;2012-12-31 00:00:00;366.0;0.0
543;о.Врангеля;2013.0;-99;-99.0;-99;-99.0;-99.0
544;о.Врангеля;2014.0;-99;-99.0;-99;-99.0;-99.0
545;о.Врангеля;2015.0;2015-06-23 00:00:00;174.0;2015-09-22 00:00:00;265.0;91.0
546;о.Врангеля;2016.0;2016-09-20 00:00:00;264.0;2016-09-20 00:00:00;264.0;0.0
547;о.Врангеля;2017.0;-99;-99.0;-99;-99.0;-99.0
548;о.Врангеля;2018.0;2018-09-04 00:00:00;247.0;2018-10-09 00:00:00;282.0;35.0
549;о.Врангеля;2019.0;2019-06-04 00:00:00;155.0;2019-09-17 00:00:00;260.0;105.0
550;о.Врангеля;2020.0;2020-05-26 00:00:00;147.0;2020-10-06 00:00:00;280.0;133.0
551;о.Врангеля;2021.0;-99;-99.0;-99;-99.0;-99.0
552;Ванкарем;1998.0;1998-05-08 00:00:00;128.0;1998-09-02 00:00:00;245.0;117.0
553;Ванкарем;1999.0;-99;-99.0;-99;-99.0;-99.0
554;Ванкарем;2000.0;2000-06-14 00:00:00;166.0;2000-06-14 00:00:00;166.0;0.0
555;Ванкарем;2001.0;-99;-99.0;-99;-99.0;-99.0
556;Ванкарем;2002.0;2002-06-05 00:00:00;156.0;2002-10-16 00:00:00;289.0;133.0
557;Ванкарем;2003.0;2003-06-17 00:00:00;168.0;2003-12-17 00:00:00;351.0;183.0
558;Ванкарем;2004.0;2004-07-28 00:00:00;210.0;2004-09-01 00:00:00;245.0;35.0
559;Ванкарем;2005.0;2005-08-10 00:00:00;222.0;2005-11-23 00:00:00;327.0;105.0
560;Ванкарем;2006.0;-99;-99.0;-99;-99.0;-99.0
561;Ванкарем;2007.0;2007-05-09 00:00:00;129.0;2007-09-12 00:00:00;255.0;126.0
562;Ванкарем;2008.0;2008-06-25 00:00:00;177.0;2008-09-24 00:00:00;268.0;91.0
563;Ванкарем;2009.0;2009-07-15 00:00:00;196.0;2009-10-13 00:00:00;286.0;90.0
564;Ванкарем;2010.0;2010-06-08 00:00:00;159.0;2010-11-16 00:00:00;320.0;161.0
565;Ванкарем;2011.0;2011-12-27 00:00:00;361.0;2011-12-27 00:00:00;361.0;0.0
566;Ванкарем;2012.0;2012-12-31 00:00:00;366.0;2012-12-31 00:00:00;366.0;0.0
567;Ванкарем;2013.0;-99;-99.0;-99;-99.0;-99.0
568;Ванкарем;2014.0;-99;-99.0;-99;-99.0;-99.0
569;Ванкарем;2015.0;2015-06-23 00:00:00;174.0;2015-09-22 00:00:00;265.0;91.0
570;Ванкарем;2016.0;2016-09-20 00:00:00;264.0;2016-09-20 00:00:00;264.0;0.0
571;Ванкарем;2017.0;-99;-99.0;-99;-99.0;-99.0
572;Ванкарем;2018.0;2018-09-04 00:00:00;247.0;2018-10-09 00:00:00;282.0;35.0
573;Ванкарем;2019.0;2019-06-04 00:00:00;155.0;2019-09-17 00:00:00;260.0;105.0
574;Ванкарем;2020.0;2020-05-26 00:00:00;147.0;2020-10-06 00:00:00;280.0;133.0
575;Ванкарем;2021.0;-99;-99.0;-99;-99.0;-99.0
576;Уэлен;1998.0;1998-05-08 00:00:00;128.0;1998-09-02 00:00:00;245.0;117.0
577;Уэлен;1999.0;-99;-99.0;-99;-99.0;-99.0
578;Уэлен;2000.0;2000-06-14 00:00:00;166.0;2000-06-14 00:00:00;166.0;0.0
579;Уэлен;2001.0;-99;-99.0;-99;-99.0;-99.0
580;Уэлен;2002.0;2002-06-05 00:00:00;156.0;2002-10-16 00:00:00;289.0;133.0
581;Уэлен;2003.0;2003-06-17 00:00:00;168.0;2003-12-17 00:00:00;351.0;183.0
582;Уэлен;2004.0;2004-07-28 00:00:00;210.0;2004-09-01 00:00:00;245.0;35.0
583;Уэлен;2005.0;2005-08-10 00:00:00;222.0;2005-11-23 00:00:00;327.0;105.0
584;Уэлен;2006.0;-99;-99.0;-99;-99.0;-99.0
585;Уэлен;2007.0;2007-05-09 00:00:00;129.0;2007-09-12 00:00:00;255.0;126.0
586;Уэлен;2008.0;2008-06-25 00:00:00;177.0;2008-09-24 00:00:00;268.0;91.0
587;Уэлен;2009.0;2009-07-15 00:00:00;196.0;2009-10-13 00:00:00;286.0;90.0
588;Уэлен;2010.0;2010-06-08 00:00:00;159.0;2010-11-16 00:00:00;320.0;161.0
589;Уэлен;2011.0;2011-12-27 00:00:00;361.0;2011-12-27 00:00:00;361.0;0.0
590;Уэлен;2012.0;2012-12-31 00:00:00;366.0;2012-12-31 00:00:00;366.0;0.0
591;Уэлен;2013.0;-99;-99.0;-99;-99.0;-99.0
592;Уэлен;2014.0;-99;-99.0;-99;-99.0;-99.0
593;Уэлен;2015.0;2015-06-23 00:00:00;174.0;2015-09-22 00:00:00;265.0;91.0
594;Уэлен;2016.0;2016-09-20 00:00:00;264.0;2016-09-20 00:00:00;264.0;0.0
595;Уэлен;2017.0;-99;-99.0;-99;-99.0;-99.0
596;Уэлен;2018.0;2018-09-04 00:00:00;247.0;2018-10-09 00:00:00;282.0;35.0
597;Уэлен;2019.0;2019-06-04 00:00:00;155.0;2019-09-17 00:00:00;260.0;105.0
598;Уэлен;2020.0;2020-05-26 00:00:00;147.0;2020-10-06 00:00:00;280.0;133.0
599;Уэлен;2021.0;-99;-99.0;-99;-99.0;-99.0
